{"cameraMode":{"drawMode":0,"name":"Shaded","section":"Shading Mode"},"sceneLighting":false,"audioPlay":false,"sceneViewState":{"m_AlwaysRefresh":false,"showFog":true,"showSkybox":false,"showFlares":true,"showImageEffects":true,"showParticleSystems":true,"showVisualEffectGraphs":true,"m_FxEnabled":true},"in2DMode":false,"pivot":{"x":-1.3202449083328248,"y":0.857121467590332,"z":-6.3956451416015629},"rotation":{"x":0.0017050765454769135,"y":0.9954828023910523,"z":-0.09315864741802216,"w":0.018220312893390657},"size":13.005268096923829,"orthographic":false}